{"accessibilityPrompt":true,"alwaysOnTop":false,"arch":"x64","asar":false,"backgroundColor":"#ADD8E6","blockExternalUrls":false,"bounce":false,"buildDate":1665772967434,"clearCache":false,"counter":false,"darwinDarkModeSupport":false,"disableContextMenu":true,"disableDevTools":true,"disableGpu":false,"disableOldBuildWarning":false,"electronVersionUsed":"19.0.17","enableEs3Apis":false,"fastQuit":false,"fullScreen":false,"height":719,"hideWindowFrame":false,"ignoreCertificate":false,"ignoreGpuBlacklist":false,"insecure":false,"isUpgrade":false,"maximize":false,"maxHeight":720,"maxWidth":1280,"name":"Untitled-Drawing-Game","nativefierVersion":"50.0.0","portable":false,"quiet":false,"showMenuBar":false,"singleInstance":false,"strictInternalUrls":false,"targetUrl":"https://heskitgel.github.io/project/index.html","tray":"false","userAgentHonest":false,"width":1279,"widevine":false,"win32metadata":{"ProductName":"Untitled-Drawing-Game","InternalName":"Untitled-Drawing-Game","FileDescription":"Untitled-Drawing-Game"},"zoom":1,"oldBuildWarningText":""}